--------------------------------------------------------
--  File created - Sunday-June-04-2017   
--------------------------------------------------------
--------------------------------------------------------
--  DDL for Sequence EQUITYTRACKING_SEQ
--------------------------------------------------------

   CREATE SEQUENCE  "AUTOTRADING"."EQUITYTRACKING_SEQ"  MINVALUE 1 MAXVALUE 9999999999999999999999999999 INCREMENT BY 1 START WITH 3101 CACHE 20 ORDER  NOCYCLE ;
--------------------------------------------------------
--  DDL for Sequence ORDER_SEQ
--------------------------------------------------------

   CREATE SEQUENCE  "AUTOTRADING"."ORDER_SEQ"  MINVALUE 1 MAXVALUE 9999999999999999999999999999 INCREMENT BY 1 START WITH 2061 CACHE 20 ORDER  NOCYCLE ;
--------------------------------------------------------
--  DDL for Sequence PORTFOLIO_SEQ
--------------------------------------------------------

   CREATE SEQUENCE  "AUTOTRADING"."PORTFOLIO_SEQ"  MINVALUE 1 MAXVALUE 9999999999999999999999999999 INCREMENT BY 1 START WITH 1881 CACHE 20 ORDER  NOCYCLE ;
--------------------------------------------------------
--  DDL for Table EQUITYTRACKING
--------------------------------------------------------

  CREATE TABLE "AUTOTRADING"."EQUITYTRACKING" 
   (	"STRATEGYID" NUMBER, 
	"CLOSEDATE" DATE, 
	"EQUITY" NUMBER(9,3), 
	"ID" NUMBER
   ) SEGMENT CREATION IMMEDIATE 
  PCTFREE 10 PCTUSED 40 INITRANS 1 MAXTRANS 255 NOCOMPRESS LOGGING
  STORAGE(INITIAL 65536 NEXT 1048576 MINEXTENTS 1 MAXEXTENTS 2147483645
  PCTINCREASE 0 FREELISTS 1 FREELIST GROUPS 1 BUFFER_POOL DEFAULT FLASH_CACHE DEFAULT CELL_FLASH_CACHE DEFAULT)
  TABLESPACE "AUTOTRADING_TABSPACE" ;
--------------------------------------------------------
--  DDL for Table ORDERSTATUS
--------------------------------------------------------

  CREATE TABLE "AUTOTRADING"."ORDERSTATUS" 
   (	"ORDERTYPE" VARCHAR2(20 BYTE), 
	"PRICE" NUMBER(6,3), 
	"STOCKCODE" VARCHAR2(20 BYTE), 
	"STOCKNAME" VARCHAR2(20 BYTE), 
	"QUANTITY" NUMBER, 
	"ORDERDATE" DATE, 
	"ORDERSTATUSTYPE" VARCHAR2(20 BYTE), 
	"MATCHEDQUANTITY" NUMBER, 
	"MATCHEDAMOUNT" NUMBER(6,3), 
	"BROKERORDERID" VARCHAR2(40 BYTE)
   ) SEGMENT CREATION IMMEDIATE 
  PCTFREE 10 PCTUSED 40 INITRANS 1 MAXTRANS 255 NOCOMPRESS LOGGING
  STORAGE(INITIAL 65536 NEXT 1048576 MINEXTENTS 1 MAXEXTENTS 2147483645
  PCTINCREASE 0 FREELISTS 1 FREELIST GROUPS 1 BUFFER_POOL DEFAULT FLASH_CACHE DEFAULT CELL_FLASH_CACHE DEFAULT)
  TABLESPACE "AUTOTRADING_TABSPACE" ;
--------------------------------------------------------
--  DDL for Table ORDERTRANSACTION
--------------------------------------------------------

  CREATE TABLE "AUTOTRADING"."ORDERTRANSACTION" 
   (	"ID" NUMBER, 
	"ORDERTYPE" VARCHAR2(20 BYTE), 
	"ORDEREXECUTIONTYPE" VARCHAR2(20 BYTE), 
	"PRICE" NUMBER(6,3), 
	"STOCKCODE" VARCHAR2(20 BYTE), 
	"STOCKNAME" VARCHAR2(20 BYTE), 
	"QUANTITY" NUMBER, 
	"STRATEGYID" NUMBER, 
	"ORDERDATE" DATE, 
	"PORTFOLIOID" NUMBER, 
	"DONE" VARCHAR2(3 BYTE), 
	"SUBMITCOUNT" NUMBER, 
	"ORIGINALQUANTITY" NUMBER
   ) SEGMENT CREATION IMMEDIATE 
  PCTFREE 10 PCTUSED 40 INITRANS 1 MAXTRANS 255 NOCOMPRESS LOGGING
  STORAGE(INITIAL 65536 NEXT 1048576 MINEXTENTS 1 MAXEXTENTS 2147483645
  PCTINCREASE 0 FREELISTS 1 FREELIST GROUPS 1 BUFFER_POOL DEFAULT FLASH_CACHE DEFAULT CELL_FLASH_CACHE DEFAULT)
  TABLESPACE "AUTOTRADING_TABSPACE" ;
--------------------------------------------------------
--  DDL for Table PORTFOLIO
--------------------------------------------------------

  CREATE TABLE "AUTOTRADING"."PORTFOLIO" 
   (	"ID" NUMBER, 
	"STOCKCODE" VARCHAR2(20 BYTE), 
	"STOCKNAME" VARCHAR2(20 BYTE), 
	"BUYPRICE" NUMBER(6,3), 
	"SELLPRICE" NUMBER(6,3), 
	"QUANTITY" NUMBER, 
	"TOTALAMOUNT" NUMBER(9,2), 
	"TOTALAMOUNTINCCOST" NUMBER(9,2), 
	"BUYDATE" DATE, 
	"SELLDATE" DATE, 
	"HOLD" VARCHAR2(1 BYTE), 
	"STRATEGYID" NUMBER, 
	"ALLOCATEDCASH" NUMBER(9,2), 
	"LASTCLOSEPRICE" NUMBER(6,3)
   ) SEGMENT CREATION IMMEDIATE 
  PCTFREE 10 PCTUSED 40 INITRANS 1 MAXTRANS 255 NOCOMPRESS LOGGING
  STORAGE(INITIAL 65536 NEXT 1048576 MINEXTENTS 1 MAXEXTENTS 2147483645
  PCTINCREASE 0 FREELISTS 1 FREELIST GROUPS 1 BUFFER_POOL DEFAULT FLASH_CACHE DEFAULT CELL_FLASH_CACHE DEFAULT)
  TABLESPACE "AUTOTRADING_TABSPACE" ;
--------------------------------------------------------
--  DDL for Table STRATEGY
--------------------------------------------------------

  CREATE TABLE "AUTOTRADING"."STRATEGY" 
   (	"ID" NUMBER, 
	"NAME" VARCHAR2(80 BYTE), 
	"MAXPORTFOLIONUMBER" NUMBER, 
	"INITIALEQUITY" NUMBER(10,2), 
	"TOTALEQUITY" NUMBER(10,2), 
	"AVAILABLECASH" NUMBER(10,2), 
	"AVAILABLEPOSITION" NUMBER, 
	"BUYORDEREXECUTIONTYPE" VARCHAR2(20 BYTE), 
	"SELLORDEREXECUTIONTYPE" VARCHAR2(20 BYTE), 
	"BUYDELAY" NUMBER, 
	"SELLDELAY" NUMBER, 
	"LIVE" VARCHAR2(1 BYTE)
   ) SEGMENT CREATION IMMEDIATE 
  PCTFREE 10 PCTUSED 40 INITRANS 1 MAXTRANS 255 NOCOMPRESS LOGGING
  STORAGE(INITIAL 65536 NEXT 1048576 MINEXTENTS 1 MAXEXTENTS 2147483645
  PCTINCREASE 0 FREELISTS 1 FREELIST GROUPS 1 BUFFER_POOL DEFAULT FLASH_CACHE DEFAULT CELL_FLASH_CACHE DEFAULT)
  TABLESPACE "AUTOTRADING_TABSPACE" ;
REM INSERTING into AUTOTRADING.EQUITYTRACKING
SET DEFINE OFF;
Insert into AUTOTRADING.EQUITYTRACKING (STRATEGYID,CLOSEDATE,EQUITY,ID) values (1,to_date('29/MAR/17','DD/MON/RR'),95226.82,2221);
Insert into AUTOTRADING.EQUITYTRACKING (STRATEGYID,CLOSEDATE,EQUITY,ID) values (1,to_date('03/APR/17','DD/MON/RR'),99224.82,2281);
Insert into AUTOTRADING.EQUITYTRACKING (STRATEGYID,CLOSEDATE,EQUITY,ID) values (1,to_date('05/APR/17','DD/MON/RR'),103808.32,2322);
Insert into AUTOTRADING.EQUITYTRACKING (STRATEGYID,CLOSEDATE,EQUITY,ID) values (1,to_date('13/APR/17','DD/MON/RR'),100658.47,2421);
Insert into AUTOTRADING.EQUITYTRACKING (STRATEGYID,CLOSEDATE,EQUITY,ID) values (1,to_date('10/FEB/17','DD/MON/RR'),84138.37,1521);
Insert into AUTOTRADING.EQUITYTRACKING (STRATEGYID,CLOSEDATE,EQUITY,ID) values (1,to_date('14/FEB/17','DD/MON/RR'),86207.87,1561);
Insert into AUTOTRADING.EQUITYTRACKING (STRATEGYID,CLOSEDATE,EQUITY,ID) values (1,to_date('21/FEB/17','DD/MON/RR'),88983.05,1661);
Insert into AUTOTRADING.EQUITYTRACKING (STRATEGYID,CLOSEDATE,EQUITY,ID) values (1,to_date('27/FEB/17','DD/MON/RR'),87758.97,1741);
Insert into AUTOTRADING.EQUITYTRACKING (STRATEGYID,CLOSEDATE,EQUITY,ID) values (1,to_date('13/MAR/17','DD/MON/RR'),95791.76,1961);
Insert into AUTOTRADING.EQUITYTRACKING (STRATEGYID,CLOSEDATE,EQUITY,ID) values (1,to_date('23/MAR/17','DD/MON/RR'),100206.21,2141);
Insert into AUTOTRADING.EQUITYTRACKING (STRATEGYID,CLOSEDATE,EQUITY,ID) values (1,to_date('28/MAR/17','DD/MON/RR'),95888.32,2201);
Insert into AUTOTRADING.EQUITYTRACKING (STRATEGYID,CLOSEDATE,EQUITY,ID) values (1,to_date('30/MAR/17','DD/MON/RR'),96820.32,2241);
Insert into AUTOTRADING.EQUITYTRACKING (STRATEGYID,CLOSEDATE,EQUITY,ID) values (1,to_date('31/MAR/17','DD/MON/RR'),97474.32,2261);
Insert into AUTOTRADING.EQUITYTRACKING (STRATEGYID,CLOSEDATE,EQUITY,ID) values (1,to_date('06/APR/17','DD/MON/RR'),103069.22,2341);
Insert into AUTOTRADING.EQUITYTRACKING (STRATEGYID,CLOSEDATE,EQUITY,ID) values (1,to_date('07/APR/17','DD/MON/RR'),102376.71,2361);
Insert into AUTOTRADING.EQUITYTRACKING (STRATEGYID,CLOSEDATE,EQUITY,ID) values (1,to_date('14/APR/17','DD/MON/RR'),98705.47,2441);
Insert into AUTOTRADING.EQUITYTRACKING (STRATEGYID,CLOSEDATE,EQUITY,ID) values (1,to_date('17/APR/17','DD/MON/RR'),98895.58,2461);
Insert into AUTOTRADING.EQUITYTRACKING (STRATEGYID,CLOSEDATE,EQUITY,ID) values (1,to_date('19/APR/17','DD/MON/RR'),99097.21,2501);
Insert into AUTOTRADING.EQUITYTRACKING (STRATEGYID,CLOSEDATE,EQUITY,ID) values (1,to_date('28/APR/17','DD/MON/RR'),106272.36,2621);
Insert into AUTOTRADING.EQUITYTRACKING (STRATEGYID,CLOSEDATE,EQUITY,ID) values (1,to_date('04/MAY/17','DD/MON/RR'),107076.36,2681);
Insert into AUTOTRADING.EQUITYTRACKING (STRATEGYID,CLOSEDATE,EQUITY,ID) values (1,to_date('05/MAY/17','DD/MON/RR'),108729.86,2701);
Insert into AUTOTRADING.EQUITYTRACKING (STRATEGYID,CLOSEDATE,EQUITY,ID) values (1,to_date('08/MAY/17','DD/MON/RR'),109742.36,2721);
Insert into AUTOTRADING.EQUITYTRACKING (STRATEGYID,CLOSEDATE,EQUITY,ID) values (1,to_date('09/MAY/17','DD/MON/RR'),108127.86,2741);
Insert into AUTOTRADING.EQUITYTRACKING (STRATEGYID,CLOSEDATE,EQUITY,ID) values (1,to_date('11/MAY/17','DD/MON/RR'),108587.59,2761);
Insert into AUTOTRADING.EQUITYTRACKING (STRATEGYID,CLOSEDATE,EQUITY,ID) values (1,to_date('16/MAY/17','DD/MON/RR'),108683.59,2821);
Insert into AUTOTRADING.EQUITYTRACKING (STRATEGYID,CLOSEDATE,EQUITY,ID) values (1,to_date('17/MAY/17','DD/MON/RR'),107786.59,2841);
Insert into AUTOTRADING.EQUITYTRACKING (STRATEGYID,CLOSEDATE,EQUITY,ID) values (1,to_date('19/MAY/17','DD/MON/RR'),108075.76,2881);
Insert into AUTOTRADING.EQUITYTRACKING (STRATEGYID,CLOSEDATE,EQUITY,ID) values (1,to_date('22/MAY/17','DD/MON/RR'),108749.76,2901);
Insert into AUTOTRADING.EQUITYTRACKING (STRATEGYID,CLOSEDATE,EQUITY,ID) values (1,to_date('24/MAY/17','DD/MON/RR'),104821.79,2941);
Insert into AUTOTRADING.EQUITYTRACKING (STRATEGYID,CLOSEDATE,EQUITY,ID) values (1,to_date('31/MAY/17','DD/MON/RR'),99349.47,3041);
Insert into AUTOTRADING.EQUITYTRACKING (STRATEGYID,CLOSEDATE,EQUITY,ID) values (1,to_date('07/FEB/17','DD/MON/RR'),85130.75,1481);
Insert into AUTOTRADING.EQUITYTRACKING (STRATEGYID,CLOSEDATE,EQUITY,ID) values (1,to_date('08/FEB/17','DD/MON/RR'),83836.37,1501);
Insert into AUTOTRADING.EQUITYTRACKING (STRATEGYID,CLOSEDATE,EQUITY,ID) values (1,to_date('13/FEB/17','DD/MON/RR'),86007.87,1541);
Insert into AUTOTRADING.EQUITYTRACKING (STRATEGYID,CLOSEDATE,EQUITY,ID) values (1,to_date('16/FEB/17','DD/MON/RR'),85995.37,1601);
Insert into AUTOTRADING.EQUITYTRACKING (STRATEGYID,CLOSEDATE,EQUITY,ID) values (1,to_date('17/FEB/17','DD/MON/RR'),87794.15,1621);
Insert into AUTOTRADING.EQUITYTRACKING (STRATEGYID,CLOSEDATE,EQUITY,ID) values (1,to_date('20/FEB/17','DD/MON/RR'),88822.55,1641);
Insert into AUTOTRADING.EQUITYTRACKING (STRATEGYID,CLOSEDATE,EQUITY,ID) values (1,to_date('22/FEB/17','DD/MON/RR'),88866.28,1683);
Insert into AUTOTRADING.EQUITYTRACKING (STRATEGYID,CLOSEDATE,EQUITY,ID) values (1,to_date('23/FEB/17','DD/MON/RR'),88840.28,1701);
Insert into AUTOTRADING.EQUITYTRACKING (STRATEGYID,CLOSEDATE,EQUITY,ID) values (1,to_date('24/FEB/17','DD/MON/RR'),88581.97,1721);
Insert into AUTOTRADING.EQUITYTRACKING (STRATEGYID,CLOSEDATE,EQUITY,ID) values (1,to_date('15/MAR/17','DD/MON/RR'),95513.76,2001);
Insert into AUTOTRADING.EQUITYTRACKING (STRATEGYID,CLOSEDATE,EQUITY,ID) values (1,to_date('03/MAR/17','DD/MON/RR'),91929.48,1842);
Insert into AUTOTRADING.EQUITYTRACKING (STRATEGYID,CLOSEDATE,EQUITY,ID) values (1,to_date('14/MAR/17','DD/MON/RR'),95738.76,1981);
Insert into AUTOTRADING.EQUITYTRACKING (STRATEGYID,CLOSEDATE,EQUITY,ID) values (1,to_date('16/MAR/17','DD/MON/RR'),95835.8,2022);
Insert into AUTOTRADING.EQUITYTRACKING (STRATEGYID,CLOSEDATE,EQUITY,ID) values (1,to_date('17/MAR/17','DD/MON/RR'),95103.1,2041);
Insert into AUTOTRADING.EQUITYTRACKING (STRATEGYID,CLOSEDATE,EQUITY,ID) values (1,to_date('18/MAR/17','DD/MON/RR'),95103.1,2061);
Insert into AUTOTRADING.EQUITYTRACKING (STRATEGYID,CLOSEDATE,EQUITY,ID) values (1,to_date('21/MAR/17','DD/MON/RR'),94301.71,2101);
Insert into AUTOTRADING.EQUITYTRACKING (STRATEGYID,CLOSEDATE,EQUITY,ID) values (1,to_date('22/MAR/17','DD/MON/RR'),94552.71,2121);
Insert into AUTOTRADING.EQUITYTRACKING (STRATEGYID,CLOSEDATE,EQUITY,ID) values (1,to_date('24/MAR/17','DD/MON/RR'),96749.21,2161);
Insert into AUTOTRADING.EQUITYTRACKING (STRATEGYID,CLOSEDATE,EQUITY,ID) values (1,to_date('27/MAR/17','DD/MON/RR'),95363.82,2181);
Insert into AUTOTRADING.EQUITYTRACKING (STRATEGYID,CLOSEDATE,EQUITY,ID) values (1,to_date('04/APR/17','DD/MON/RR'),102265.82,2301);
Insert into AUTOTRADING.EQUITYTRACKING (STRATEGYID,CLOSEDATE,EQUITY,ID) values (1,to_date('11/APR/17','DD/MON/RR'),102201.69,2381);
Insert into AUTOTRADING.EQUITYTRACKING (STRATEGYID,CLOSEDATE,EQUITY,ID) values (1,to_date('12/APR/17','DD/MON/RR'),102940.47,2401);
Insert into AUTOTRADING.EQUITYTRACKING (STRATEGYID,CLOSEDATE,EQUITY,ID) values (1,to_date('20/APR/17','DD/MON/RR'),98680.81,2521);
Insert into AUTOTRADING.EQUITYTRACKING (STRATEGYID,CLOSEDATE,EQUITY,ID) values (1,to_date('21/APR/17','DD/MON/RR'),99690.76,2541);
Insert into AUTOTRADING.EQUITYTRACKING (STRATEGYID,CLOSEDATE,EQUITY,ID) values (1,to_date('02/MAY/17','DD/MON/RR'),109426.36,2641);
Insert into AUTOTRADING.EQUITYTRACKING (STRATEGYID,CLOSEDATE,EQUITY,ID) values (1,to_date('03/MAY/17','DD/MON/RR'),109068.36,2661);
Insert into AUTOTRADING.EQUITYTRACKING (STRATEGYID,CLOSEDATE,EQUITY,ID) values (1,to_date('15/MAY/17','DD/MON/RR'),109156.09,2801);
Insert into AUTOTRADING.EQUITYTRACKING (STRATEGYID,CLOSEDATE,EQUITY,ID) values (1,to_date('18/MAY/17','DD/MON/RR'),107647.09,2861);
Insert into AUTOTRADING.EQUITYTRACKING (STRATEGYID,CLOSEDATE,EQUITY,ID) values (1,to_date('23/MAY/17','DD/MON/RR'),108263.76,2921);
Insert into AUTOTRADING.EQUITYTRACKING (STRATEGYID,CLOSEDATE,EQUITY,ID) values (1,to_date('26/MAY/17','DD/MON/RR'),102477.97,2981);
Insert into AUTOTRADING.EQUITYTRACKING (STRATEGYID,CLOSEDATE,EQUITY,ID) values (1,to_date('29/MAY/17','DD/MON/RR'),99539.8,3001);
Insert into AUTOTRADING.EQUITYTRACKING (STRATEGYID,CLOSEDATE,EQUITY,ID) values (1,to_date('02/JUN/17','DD/MON/RR'),99272.93,3081);
Insert into AUTOTRADING.EQUITYTRACKING (STRATEGYID,CLOSEDATE,EQUITY,ID) values (1,to_date('10/MAR/17','DD/MON/RR'),96080.26,1941);
Insert into AUTOTRADING.EQUITYTRACKING (STRATEGYID,CLOSEDATE,EQUITY,ID) values (1,to_date('06/MAR/17','DD/MON/RR'),91760.19,1861);
Insert into AUTOTRADING.EQUITYTRACKING (STRATEGYID,CLOSEDATE,EQUITY,ID) values (1,to_date('15/FEB/17','DD/MON/RR'),86777.37,1581);
Insert into AUTOTRADING.EQUITYTRACKING (STRATEGYID,CLOSEDATE,EQUITY,ID) values (1,to_date('07/MAR/17','DD/MON/RR'),91396.19,1881);
Insert into AUTOTRADING.EQUITYTRACKING (STRATEGYID,CLOSEDATE,EQUITY,ID) values (1,to_date('20/MAR/17','DD/MON/RR'),94791,2081);
Insert into AUTOTRADING.EQUITYTRACKING (STRATEGYID,CLOSEDATE,EQUITY,ID) values (1,to_date('10/APR/17','DD/MON/RR'),102764.81,1480);
Insert into AUTOTRADING.EQUITYTRACKING (STRATEGYID,CLOSEDATE,EQUITY,ID) values (1,to_date('18/APR/17','DD/MON/RR'),100062.21,2482);
Insert into AUTOTRADING.EQUITYTRACKING (STRATEGYID,CLOSEDATE,EQUITY,ID) values (1,to_date('25/APR/17','DD/MON/RR'),103228.86,2561);
Insert into AUTOTRADING.EQUITYTRACKING (STRATEGYID,CLOSEDATE,EQUITY,ID) values (1,to_date('27/APR/17','DD/MON/RR'),104515.86,2601);
Insert into AUTOTRADING.EQUITYTRACKING (STRATEGYID,CLOSEDATE,EQUITY,ID) values (1,to_date('12/MAY/17','DD/MON/RR'),108635.09,2781);
Insert into AUTOTRADING.EQUITYTRACKING (STRATEGYID,CLOSEDATE,EQUITY,ID) values (1,to_date('25/MAY/17','DD/MON/RR'),104611.97,2961);
Insert into AUTOTRADING.EQUITYTRACKING (STRATEGYID,CLOSEDATE,EQUITY,ID) values (1,to_date('01/JUN/17','DD/MON/RR'),98919.02,3061);
Insert into AUTOTRADING.EQUITYTRACKING (STRATEGYID,CLOSEDATE,EQUITY,ID) values (1,to_date('28/FEB/17','DD/MON/RR'),87562.47,1761);
Insert into AUTOTRADING.EQUITYTRACKING (STRATEGYID,CLOSEDATE,EQUITY,ID) values (1,to_date('01/MAR/17','DD/MON/RR'),90306.48,1781);
Insert into AUTOTRADING.EQUITYTRACKING (STRATEGYID,CLOSEDATE,EQUITY,ID) values (1,to_date('02/MAR/17','DD/MON/RR'),92650.48,1821);
Insert into AUTOTRADING.EQUITYTRACKING (STRATEGYID,CLOSEDATE,EQUITY,ID) values (1,to_date('08/MAR/17','DD/MON/RR'),92199.69,1901);
Insert into AUTOTRADING.EQUITYTRACKING (STRATEGYID,CLOSEDATE,EQUITY,ID) values (1,to_date('09/MAR/17','DD/MON/RR'),92471.72,1921);
Insert into AUTOTRADING.EQUITYTRACKING (STRATEGYID,CLOSEDATE,EQUITY,ID) values (1,to_date('26/APR/17','DD/MON/RR'),103969.86,2581);
Insert into AUTOTRADING.EQUITYTRACKING (STRATEGYID,CLOSEDATE,EQUITY,ID) values (1,to_date('30/MAY/17','DD/MON/RR'),99050.97,3021);
REM INSERTING into AUTOTRADING.ORDERSTATUS
SET DEFINE OFF;
REM INSERTING into AUTOTRADING.ORDERTRANSACTION
SET DEFINE OFF;
Insert into AUTOTRADING.ORDERTRANSACTION (ID,ORDERTYPE,ORDEREXECUTIONTYPE,PRICE,STOCKCODE,STOCKNAME,QUANTITY,STRATEGYID,ORDERDATE,PORTFOLIOID,DONE,SUBMITCOUNT,ORIGINALQUANTITY) values (1402,'Sell','OPEN',0.33,'0093','SOLUTN',291,1,to_date('18/APR/17','DD/MON/RR'),1701,'Y',1,291);
Insert into AUTOTRADING.ORDERTRANSACTION (ID,ORDERTYPE,ORDEREXECUTIONTYPE,PRICE,STOCKCODE,STOCKNAME,QUANTITY,STRATEGYID,ORDERDATE,PORTFOLIOID,DONE,SUBMITCOUNT,ORIGINALQUANTITY) values (1401,'Sell','OPEN',2.54,'2194','MMCCORP',33,1,to_date('10/APR/17','DD/MON/RR'),1481,'Y',1,33);
Insert into AUTOTRADING.ORDERTRANSACTION (ID,ORDERTYPE,ORDEREXECUTIONTYPE,PRICE,STOCKCODE,STOCKNAME,QUANTITY,STRATEGYID,ORDERDATE,PORTFOLIOID,DONE,SUBMITCOUNT,ORIGINALQUANTITY) values (1861,'Sell','OPEN',1.78,'7174WA','CAB-WA',68,1,to_date('12/APR/17','DD/MON/RR'),1641,'Y',1,68);
Insert into AUTOTRADING.ORDERTRANSACTION (ID,ORDERTYPE,ORDEREXECUTIONTYPE,PRICE,STOCKCODE,STOCKNAME,QUANTITY,STRATEGYID,ORDERDATE,PORTFOLIOID,DONE,SUBMITCOUNT,ORIGINALQUANTITY) values (1862,'Buy','OPEN',0.35,'0093','SOLUTN',291,1,to_date('12/APR/17','DD/MON/RR'),1701,'Y',1,291);
Insert into AUTOTRADING.ORDERTRANSACTION (ID,ORDERTYPE,ORDEREXECUTIONTYPE,PRICE,STOCKCODE,STOCKNAME,QUANTITY,STRATEGYID,ORDERDATE,PORTFOLIOID,DONE,SUBMITCOUNT,ORIGINALQUANTITY) values (1901,'Buy','OPEN',0.245,'4375','SMI',384,1,to_date('18/APR/17','DD/MON/RR'),1721,'Y',1,384);
Insert into AUTOTRADING.ORDERTRANSACTION (ID,ORDERTYPE,ORDEREXECUTIONTYPE,PRICE,STOCKCODE,STOCKNAME,QUANTITY,STRATEGYID,ORDERDATE,PORTFOLIOID,DONE,SUBMITCOUNT,ORIGINALQUANTITY) values (1921,'Sell','OPEN',0.255,'4375','SMI',384,1,to_date('11/MAY/17','DD/MON/RR'),1721,'Y',1,384);
Insert into AUTOTRADING.ORDERTRANSACTION (ID,ORDERTYPE,ORDEREXECUTIONTYPE,PRICE,STOCKCODE,STOCKNAME,QUANTITY,STRATEGYID,ORDERDATE,PORTFOLIOID,DONE,SUBMITCOUNT,ORIGINALQUANTITY) values (1922,'Buy','OPEN',1.14,'7579','AWC',94,1,to_date('11/MAY/17','DD/MON/RR'),1781,'Y',1,94);
Insert into AUTOTRADING.ORDERTRANSACTION (ID,ORDERTYPE,ORDEREXECUTIONTYPE,PRICE,STOCKCODE,STOCKNAME,QUANTITY,STRATEGYID,ORDERDATE,PORTFOLIOID,DONE,SUBMITCOUNT,ORIGINALQUANTITY) values (1941,'Buy','OPEN',0.98,'1694','MENANG',101,1,to_date('19/MAY/17','DD/MON/RR'),1801,'Y',1,101);
Insert into AUTOTRADING.ORDERTRANSACTION (ID,ORDERTYPE,ORDEREXECUTIONTYPE,PRICE,STOCKCODE,STOCKNAME,QUANTITY,STRATEGYID,ORDERDATE,PORTFOLIOID,DONE,SUBMITCOUNT,ORIGINALQUANTITY) values (1961,'Sell','OPEN',4.01,'3204','GKENT',42,1,to_date('24/MAY/17','DD/MON/RR'),1621,'Y',1,42);
Insert into AUTOTRADING.ORDERTRANSACTION (ID,ORDERTYPE,ORDEREXECUTIONTYPE,PRICE,STOCKCODE,STOCKNAME,QUANTITY,STRATEGYID,ORDERDATE,PORTFOLIOID,DONE,SUBMITCOUNT,ORIGINALQUANTITY) values (1962,'Buy','OPEN',1.02,'5087','MYCRON',105,1,to_date('24/MAY/17','DD/MON/RR'),1821,'Y',1,105);
Insert into AUTOTRADING.ORDERTRANSACTION (ID,ORDERTYPE,ORDEREXECUTIONTYPE,PRICE,STOCKCODE,STOCKNAME,QUANTITY,STRATEGYID,ORDERDATE,PORTFOLIOID,DONE,SUBMITCOUNT,ORIGINALQUANTITY) values (1801,'Sell','OPEN',0.905,'9385','LAYHONG',97,1,to_date('06/APR/17','DD/MON/RR'),1444,'Y',1,97);
Insert into AUTOTRADING.ORDERTRANSACTION (ID,ORDERTYPE,ORDEREXECUTIONTYPE,PRICE,STOCKCODE,STOCKNAME,QUANTITY,STRATEGYID,ORDERDATE,PORTFOLIOID,DONE,SUBMITCOUNT,ORIGINALQUANTITY) values (1563,'Buy','OPEN',0.7,'7035','CCK',128,1,to_date('08/FEB/17','DD/MON/RR'),1443,'Y',1,128);
Insert into AUTOTRADING.ORDERTRANSACTION (ID,ORDERTYPE,ORDEREXECUTIONTYPE,PRICE,STOCKCODE,STOCKNAME,QUANTITY,STRATEGYID,ORDERDATE,PORTFOLIOID,DONE,SUBMITCOUNT,ORIGINALQUANTITY) values (1564,'Buy','OPEN',0.925,'9385','LAYHONG',97,1,to_date('08/FEB/17','DD/MON/RR'),1444,'Y',1,97);
Insert into AUTOTRADING.ORDERTRANSACTION (ID,ORDERTYPE,ORDEREXECUTIONTYPE,PRICE,STOCKCODE,STOCKNAME,QUANTITY,STRATEGYID,ORDERDATE,PORTFOLIOID,DONE,SUBMITCOUNT,ORIGINALQUANTITY) values (1581,'Sell','OPEN',1.58,'0138','MYEG',52,1,to_date('17/FEB/17','DD/MON/RR'),1422,'Y',1,52);
Insert into AUTOTRADING.ORDERTRANSACTION (ID,ORDERTYPE,ORDEREXECUTIONTYPE,PRICE,STOCKCODE,STOCKNAME,QUANTITY,STRATEGYID,ORDERDATE,PORTFOLIOID,DONE,SUBMITCOUNT,ORIGINALQUANTITY) values (1582,'Buy','OPEN',3.35,'7089','LIIHEN',24,1,to_date('17/FEB/17','DD/MON/RR'),1461,'Y',1,24);
Insert into AUTOTRADING.ORDERTRANSACTION (ID,ORDERTYPE,ORDEREXECUTIONTYPE,PRICE,STOCKCODE,STOCKNAME,QUANTITY,STRATEGYID,ORDERDATE,PORTFOLIOID,DONE,SUBMITCOUNT,ORIGINALQUANTITY) values (1601,'Buy','OPEN',2.55,'2194','MMCCORP',33,1,to_date('20/FEB/17','DD/MON/RR'),1481,'Y',1,33);
Insert into AUTOTRADING.ORDERTRANSACTION (ID,ORDERTYPE,ORDEREXECUTIONTYPE,PRICE,STOCKCODE,STOCKNAME,QUANTITY,STRATEGYID,ORDERDATE,PORTFOLIOID,DONE,SUBMITCOUNT,ORIGINALQUANTITY) values (1641,'Sell','OPEN',0.64,'5205','SENDAI',115,1,to_date('24/FEB/17','DD/MON/RR'),1000,'Y',1,115);
Insert into AUTOTRADING.ORDERTRANSACTION (ID,ORDERTYPE,ORDEREXECUTIONTYPE,PRICE,STOCKCODE,STOCKNAME,QUANTITY,STRATEGYID,ORDERDATE,PORTFOLIOID,DONE,SUBMITCOUNT,ORIGINALQUANTITY) values (1642,'Sell','OPEN',0.815,'5098','MASTEEL',93,1,to_date('24/FEB/17','DD/MON/RR'),1501,'Y',1,93);
Insert into AUTOTRADING.ORDERTRANSACTION (ID,ORDERTYPE,ORDEREXECUTIONTYPE,PRICE,STOCKCODE,STOCKNAME,QUANTITY,STRATEGYID,ORDERDATE,PORTFOLIOID,DONE,SUBMITCOUNT,ORIGINALQUANTITY) values (1643,'Buy','OPEN',0.395,'0119','APPASIA',185,1,to_date('24/FEB/17','DD/MON/RR'),1521,'Y',1,185);
Insert into AUTOTRADING.ORDERTRANSACTION (ID,ORDERTYPE,ORDEREXECUTIONTYPE,PRICE,STOCKCODE,STOCKNAME,QUANTITY,STRATEGYID,ORDERDATE,PORTFOLIOID,DONE,SUBMITCOUNT,ORIGINALQUANTITY) values (1644,'Buy','OPEN',3.59,'7247','SCGM',20,1,to_date('24/FEB/17','DD/MON/RR'),1522,'Y',1,20);
Insert into AUTOTRADING.ORDERTRANSACTION (ID,ORDERTYPE,ORDEREXECUTIONTYPE,PRICE,STOCKCODE,STOCKNAME,QUANTITY,STRATEGYID,ORDERDATE,PORTFOLIOID,DONE,SUBMITCOUNT,ORIGINALQUANTITY) values (1761,'Sell','OPEN',1.05,'8877WB','EKOVEST-WB',140,1,to_date('21/MAR/17','DD/MON/RR'),1423,'Y',1,140);
Insert into AUTOTRADING.ORDERTRANSACTION (ID,ORDERTYPE,ORDEREXECUTIONTYPE,PRICE,STOCKCODE,STOCKNAME,QUANTITY,STRATEGYID,ORDERDATE,PORTFOLIOID,DONE,SUBMITCOUNT,ORIGINALQUANTITY) values (1762,'Buy','OPEN',3.46,'3204','GKENT',42,1,to_date('21/MAR/17','DD/MON/RR'),1621,'Y',1,42);
Insert into AUTOTRADING.ORDERTRANSACTION (ID,ORDERTYPE,ORDEREXECUTIONTYPE,PRICE,STOCKCODE,STOCKNAME,QUANTITY,STRATEGYID,ORDERDATE,PORTFOLIOID,DONE,SUBMITCOUNT,ORIGINALQUANTITY) values (1781,'Sell','OPEN',0.6,'0120','VIS',171,1,to_date('27/MAR/17','DD/MON/RR'),1421,'Y',1,171);
Insert into AUTOTRADING.ORDERTRANSACTION (ID,ORDERTYPE,ORDEREXECUTIONTYPE,PRICE,STOCKCODE,STOCKNAME,QUANTITY,STRATEGYID,ORDERDATE,PORTFOLIOID,DONE,SUBMITCOUNT,ORIGINALQUANTITY) values (1782,'Buy','OPEN',1.52,'7174WA','CAB-WA',68,1,to_date('27/MAR/17','DD/MON/RR'),1641,'Y',1,68);
Insert into AUTOTRADING.ORDERTRANSACTION (ID,ORDERTYPE,ORDEREXECUTIONTYPE,PRICE,STOCKCODE,STOCKNAME,QUANTITY,STRATEGYID,ORDERDATE,PORTFOLIOID,DONE,SUBMITCOUNT,ORIGINALQUANTITY) values (1821,'Buy','OPEN',2.42,'5184','CYPARK',36,1,to_date('07/APR/17','DD/MON/RR'),1661,'Y',1,36);
Insert into AUTOTRADING.ORDERTRANSACTION (ID,ORDERTYPE,ORDEREXECUTIONTYPE,PRICE,STOCKCODE,STOCKNAME,QUANTITY,STRATEGYID,ORDERDATE,PORTFOLIOID,DONE,SUBMITCOUNT,ORIGINALQUANTITY) values (1881,'Sell','OPEN',1.11,'2674','ALCOM',68,1,to_date('17/APR/17','DD/MON/RR'),1681,'Y',1,68);
Insert into AUTOTRADING.ORDERTRANSACTION (ID,ORDERTYPE,ORDEREXECUTIONTYPE,PRICE,STOCKCODE,STOCKNAME,QUANTITY,STRATEGYID,ORDERDATE,PORTFOLIOID,DONE,SUBMITCOUNT,ORIGINALQUANTITY) values (1404,'Buy','OPEN',1.47,'7167','JOHOTIN',67,1,to_date('25/APR/17','DD/MON/RR'),1761,'Y',1,67);
Insert into AUTOTRADING.ORDERTRANSACTION (ID,ORDERTYPE,ORDEREXECUTIONTYPE,PRICE,STOCKCODE,STOCKNAME,QUANTITY,STRATEGYID,ORDERDATE,PORTFOLIOID,DONE,SUBMITCOUNT,ORIGINALQUANTITY) values (2001,'Sell','OPEN',0.3,'0050','SYSTECH',270,1,to_date('29/MAY/17','DD/MON/RR'),1601,'Y',1,270);
Insert into AUTOTRADING.ORDERTRANSACTION (ID,ORDERTYPE,ORDEREXECUTIONTYPE,PRICE,STOCKCODE,STOCKNAME,QUANTITY,STRATEGYID,ORDERDATE,PORTFOLIOID,DONE,SUBMITCOUNT,ORIGINALQUANTITY) values (2041,'Buy','OPEN',0.39,'0163','CAREPLS',252,1,to_date('02/JUN/17','DD/MON/RR'),1861,'Y',1,252);
Insert into AUTOTRADING.ORDERTRANSACTION (ID,ORDERTYPE,ORDEREXECUTIONTYPE,PRICE,STOCKCODE,STOCKNAME,QUANTITY,STRATEGYID,ORDERDATE,PORTFOLIOID,DONE,SUBMITCOUNT,ORIGINALQUANTITY) values (2042,'Buy','OPEN',0.75,'2127','COMFORT',131,1,to_date('02/JUN/17','DD/MON/RR'),1862,'Y',1,131);
Insert into AUTOTRADING.ORDERTRANSACTION (ID,ORDERTYPE,ORDEREXECUTIONTYPE,PRICE,STOCKCODE,STOCKNAME,QUANTITY,STRATEGYID,ORDERDATE,PORTFOLIOID,DONE,SUBMITCOUNT,ORIGINALQUANTITY) values (1561,'Buy','OPEN',4.21,'4634','POS',20,1,to_date('08/FEB/17','DD/MON/RR'),1441,'Y',1,20);
Insert into AUTOTRADING.ORDERTRANSACTION (ID,ORDERTYPE,ORDEREXECUTIONTYPE,PRICE,STOCKCODE,STOCKNAME,QUANTITY,STRATEGYID,ORDERDATE,PORTFOLIOID,DONE,SUBMITCOUNT,ORIGINALQUANTITY) values (1562,'Buy','OPEN',8.12,'5031','TIMECOM',10,1,to_date('08/FEB/17','DD/MON/RR'),1442,'Y',1,10);
Insert into AUTOTRADING.ORDERTRANSACTION (ID,ORDERTYPE,ORDEREXECUTIONTYPE,PRICE,STOCKCODE,STOCKNAME,QUANTITY,STRATEGYID,ORDERDATE,PORTFOLIOID,DONE,SUBMITCOUNT,ORIGINALQUANTITY) values (1543,'Buy','OPEN',1.52,'8877WB','EKOVEST-WB',56,1,to_date('07/FEB/17','DD/MON/RR'),1423,'Y',1,56);
Insert into AUTOTRADING.ORDERTRANSACTION (ID,ORDERTYPE,ORDEREXECUTIONTYPE,PRICE,STOCKCODE,STOCKNAME,QUANTITY,STRATEGYID,ORDERDATE,PORTFOLIOID,DONE,SUBMITCOUNT,ORIGINALQUANTITY) values (1544,'Buy','OPEN',0.42,'8311WC','PESONA-WC',204,1,to_date('07/FEB/17','DD/MON/RR'),1424,'Y',1,204);
Insert into AUTOTRADING.ORDERTRANSACTION (ID,ORDERTYPE,ORDEREXECUTIONTYPE,PRICE,STOCKCODE,STOCKNAME,QUANTITY,STRATEGYID,ORDERDATE,PORTFOLIOID,DONE,SUBMITCOUNT,ORIGINALQUANTITY) values (1545,'Buy','OPEN',0.665,'8311','PESONA',0,1,to_date('07/FEB/17','DD/MON/RR'),1425,'Y',1,129);
Insert into AUTOTRADING.ORDERTRANSACTION (ID,ORDERTYPE,ORDEREXECUTIONTYPE,PRICE,STOCKCODE,STOCKNAME,QUANTITY,STRATEGYID,ORDERDATE,PORTFOLIOID,DONE,SUBMITCOUNT,ORIGINALQUANTITY) values (1621,'Buy','OPEN',0.91,'5098','MASTEEL',93,1,to_date('22/FEB/17','DD/MON/RR'),1501,'Y',1,93);
Insert into AUTOTRADING.ORDERTRANSACTION (ID,ORDERTYPE,ORDEREXECUTIONTYPE,PRICE,STOCKCODE,STOCKNAME,QUANTITY,STRATEGYID,ORDERDATE,PORTFOLIOID,DONE,SUBMITCOUNT,ORIGINALQUANTITY) values (1681,'Sell','OPEN',0.39,'4456','DNEX',275,1,to_date('06/MAR/17','DD/MON/RR'),1001,'Y',1,275);
Insert into AUTOTRADING.ORDERTRANSACTION (ID,ORDERTYPE,ORDEREXECUTIONTYPE,PRICE,STOCKCODE,STOCKNAME,QUANTITY,STRATEGYID,ORDERDATE,PORTFOLIOID,DONE,SUBMITCOUNT,ORIGINALQUANTITY) values (1682,'Buy','OPEN',1.21,'9261','GADANG',90,1,to_date('06/MAR/17','DD/MON/RR'),1561,'Y',1,90);
Insert into AUTOTRADING.ORDERTRANSACTION (ID,ORDERTYPE,ORDEREXECUTIONTYPE,PRICE,STOCKCODE,STOCKNAME,QUANTITY,STRATEGYID,ORDERDATE,PORTFOLIOID,DONE,SUBMITCOUNT,ORIGINALQUANTITY) values (1721,'Buy','OPEN',0.31,'0082','GPACKET',251,1,to_date('10/MAR/17','DD/MON/RR'),1581,'Y',1,251);
Insert into AUTOTRADING.ORDERTRANSACTION (ID,ORDERTYPE,ORDEREXECUTIONTYPE,PRICE,STOCKCODE,STOCKNAME,QUANTITY,STRATEGYID,ORDERDATE,PORTFOLIOID,DONE,SUBMITCOUNT,ORIGINALQUANTITY) values (1741,'Buy','OPEN',0.275,'0050','SYSTECH',270,1,to_date('17/MAR/17','DD/MON/RR'),1601,'Y',1,270);
Insert into AUTOTRADING.ORDERTRANSACTION (ID,ORDERTYPE,ORDEREXECUTIONTYPE,PRICE,STOCKCODE,STOCKNAME,QUANTITY,STRATEGYID,ORDERDATE,PORTFOLIOID,DONE,SUBMITCOUNT,ORIGINALQUANTITY) values (1841,'Buy','OPEN',1.24,'2674','ALCOM',68,1,to_date('11/APR/17','DD/MON/RR'),1681,'Y',1,68);
Insert into AUTOTRADING.ORDERTRANSACTION (ID,ORDERTYPE,ORDEREXECUTIONTYPE,PRICE,STOCKCODE,STOCKNAME,QUANTITY,STRATEGYID,ORDERDATE,PORTFOLIOID,DONE,SUBMITCOUNT,ORIGINALQUANTITY) values (1981,'Sell','OPEN',0.345,'0082','GPACKET',251,1,to_date('25/MAY/17','DD/MON/RR'),1581,'Y',1,251);
Insert into AUTOTRADING.ORDERTRANSACTION (ID,ORDERTYPE,ORDEREXECUTIONTYPE,PRICE,STOCKCODE,STOCKNAME,QUANTITY,STRATEGYID,ORDERDATE,PORTFOLIOID,DONE,SUBMITCOUNT,ORIGINALQUANTITY) values (1982,'Sell','OPEN',5.16,'4634','POS',20,1,to_date('25/MAY/17','DD/MON/RR'),1441,'Y',1,20);
Insert into AUTOTRADING.ORDERTRANSACTION (ID,ORDERTYPE,ORDEREXECUTIONTYPE,PRICE,STOCKCODE,STOCKNAME,QUANTITY,STRATEGYID,ORDERDATE,PORTFOLIOID,DONE,SUBMITCOUNT,ORIGINALQUANTITY) values (1983,'Buy','OPEN',1.57,'2879','CCM',66,1,to_date('25/MAY/17','DD/MON/RR'),1841,'Y',1,66);
Insert into AUTOTRADING.ORDERTRANSACTION (ID,ORDERTYPE,ORDEREXECUTIONTYPE,PRICE,STOCKCODE,STOCKNAME,QUANTITY,STRATEGYID,ORDERDATE,PORTFOLIOID,DONE,SUBMITCOUNT,ORIGINALQUANTITY) values (1984,'Buy','OPEN',0.965,'5028','HTPADU',108,1,to_date('25/MAY/17','DD/MON/RR'),1842,'Y',1,108);
Insert into AUTOTRADING.ORDERTRANSACTION (ID,ORDERTYPE,ORDEREXECUTIONTYPE,PRICE,STOCKCODE,STOCKNAME,QUANTITY,STRATEGYID,ORDERDATE,PORTFOLIOID,DONE,SUBMITCOUNT,ORIGINALQUANTITY) values (2021,'Sell','OPEN',0.87,'5087','MYCRON',105,1,to_date('29/MAY/17','DD/MON/RR'),1821,'Y',1,105);
Insert into AUTOTRADING.ORDERTRANSACTION (ID,ORDERTYPE,ORDEREXECUTIONTYPE,PRICE,STOCKCODE,STOCKNAME,QUANTITY,STRATEGYID,ORDERDATE,PORTFOLIOID,DONE,SUBMITCOUNT,ORIGINALQUANTITY) values (2022,'Sell','OPEN',1.02,'7579','AWC',94,1,to_date('30/MAY/17','DD/MON/RR'),1781,'Y',1,94);
Insert into AUTOTRADING.ORDERTRANSACTION (ID,ORDERTYPE,ORDEREXECUTIONTYPE,PRICE,STOCKCODE,STOCKNAME,QUANTITY,STRATEGYID,ORDERDATE,PORTFOLIOID,DONE,SUBMITCOUNT,ORIGINALQUANTITY) values (2023,'Sell','OPEN',0.855,'5028','HTPADU',108,1,to_date('29/MAY/17','DD/MON/RR'),1842,'Y',1,108);
Insert into AUTOTRADING.ORDERTRANSACTION (ID,ORDERTYPE,ORDEREXECUTIONTYPE,PRICE,STOCKCODE,STOCKNAME,QUANTITY,STRATEGYID,ORDERDATE,PORTFOLIOID,DONE,SUBMITCOUNT,ORIGINALQUANTITY) values (1542,'Buy','OPEN',0.5,'0120','VIS',171,1,to_date('07/FEB/17','DD/MON/RR'),1421,'Y',1,171);
Insert into AUTOTRADING.ORDERTRANSACTION (ID,ORDERTYPE,ORDEREXECUTIONTYPE,PRICE,STOCKCODE,STOCKNAME,QUANTITY,STRATEGYID,ORDERDATE,PORTFOLIOID,DONE,SUBMITCOUNT,ORIGINALQUANTITY) values (1661,'Sell','OPEN',0.39,'8311WC','PESONA-WC',204,1,to_date('01/MAR/17','DD/MON/RR'),1424,'Y',1,204);
Insert into AUTOTRADING.ORDERTRANSACTION (ID,ORDERTYPE,ORDEREXECUTIONTYPE,PRICE,STOCKCODE,STOCKNAME,QUANTITY,STRATEGYID,ORDERDATE,PORTFOLIOID,DONE,SUBMITCOUNT,ORIGINALQUANTITY) values (1662,'Buy','OPEN',2.9,'3069','MFCB',27,1,to_date('01/MAR/17','DD/MON/RR'),1541,'Y',1,27);
Insert into AUTOTRADING.ORDERTRANSACTION (ID,ORDERTYPE,ORDEREXECUTIONTYPE,PRICE,STOCKCODE,STOCKNAME,QUANTITY,STRATEGYID,ORDERDATE,PORTFOLIOID,DONE,SUBMITCOUNT,ORIGINALQUANTITY) values (1701,'Sell','OPEN',3.25,'7089','LIIHEN',24,1,to_date('09/MAR/17','DD/MON/RR'),1461,'Y',1,24);
Insert into AUTOTRADING.ORDERTRANSACTION (ID,ORDERTYPE,ORDEREXECUTIONTYPE,PRICE,STOCKCODE,STOCKNAME,QUANTITY,STRATEGYID,ORDERDATE,PORTFOLIOID,DONE,SUBMITCOUNT,ORIGINALQUANTITY) values (1403,'Sell','OPEN',1.27,'9261','GADANG',90,1,to_date('21/APR/17','DD/MON/RR'),1561,'Y',1,90);
Insert into AUTOTRADING.ORDERTRANSACTION (ID,ORDERTYPE,ORDEREXECUTIONTYPE,PRICE,STOCKCODE,STOCKNAME,QUANTITY,STRATEGYID,ORDERDATE,PORTFOLIOID,DONE,SUBMITCOUNT,ORIGINALQUANTITY) values (1541,'Buy','OPEN',1.64,'0138','MYEG',52,1,to_date('07/FEB/17','DD/MON/RR'),1422,'Y',1,52);
REM INSERTING into AUTOTRADING.PORTFOLIO
SET DEFINE OFF;
Insert into AUTOTRADING.PORTFOLIO (ID,STOCKCODE,STOCKNAME,BUYPRICE,SELLPRICE,QUANTITY,TOTALAMOUNT,TOTALAMOUNTINCCOST,BUYDATE,SELLDATE,HOLD,STRATEGYID,ALLOCATEDCASH,LASTCLOSEPRICE) values (1721,'4375','SMI',0.245,0.255,384,9408,9430.8,to_date('18/APR/17','DD/MON/RR'),to_date('11/MAY/17','DD/MON/RR'),'N',1,9440.08,0.255);
Insert into AUTOTRADING.PORTFOLIO (ID,STOCKCODE,STOCKNAME,BUYPRICE,SELLPRICE,QUANTITY,TOTALAMOUNT,TOTALAMOUNTINCCOST,BUYDATE,SELLDATE,HOLD,STRATEGYID,ALLOCATEDCASH,LASTCLOSEPRICE) values (1781,'7579','AWC',1.14,1.02,94,10716,10741.77,to_date('11/MAY/17','DD/MON/RR'),to_date('30/MAY/17','DD/MON/RR'),'N',1,10812.79,1.05);
Insert into AUTOTRADING.PORTFOLIO (ID,STOCKCODE,STOCKNAME,BUYPRICE,SELLPRICE,QUANTITY,TOTALAMOUNT,TOTALAMOUNTINCCOST,BUYDATE,SELLDATE,HOLD,STRATEGYID,ALLOCATEDCASH,LASTCLOSEPRICE) values (1801,'1694','MENANG',0.98,0.93,101,9898,9921.64,to_date('19/MAY/17','DD/MON/RR'),to_date('01/JUN/17','DD/MON/RR'),'N',1,9944.4,0.965);
Insert into AUTOTRADING.PORTFOLIO (ID,STOCKCODE,STOCKNAME,BUYPRICE,SELLPRICE,QUANTITY,TOTALAMOUNT,TOTALAMOUNTINCCOST,BUYDATE,SELLDATE,HOLD,STRATEGYID,ALLOCATEDCASH,LASTCLOSEPRICE) values (1821,'5087','MYCRON',1.02,0.86,105,10710,10735.76,to_date('24/MAY/17','DD/MON/RR'),to_date('30/MAY/17','DD/MON/RR'),'N',1,10826.38,0.86);
Insert into AUTOTRADING.PORTFOLIO (ID,STOCKCODE,STOCKNAME,BUYPRICE,SELLPRICE,QUANTITY,TOTALAMOUNT,TOTALAMOUNTINCCOST,BUYDATE,SELLDATE,HOLD,STRATEGYID,ALLOCATEDCASH,LASTCLOSEPRICE) values (1701,'0093','SOLUTN',0.35,0.33,291,10185,10210.04,to_date('12/APR/17','DD/MON/RR'),to_date('18/APR/17','DD/MON/RR'),'N',1,10220.17,0.325);
Insert into AUTOTRADING.PORTFOLIO (ID,STOCKCODE,STOCKNAME,BUYPRICE,SELLPRICE,QUANTITY,TOTALAMOUNT,TOTALAMOUNTINCCOST,BUYDATE,SELLDATE,HOLD,STRATEGYID,ALLOCATEDCASH,LASTCLOSEPRICE) values (1443,'7035','CCK',0.7,0.665,128,8960,8981.19,to_date('08/FEB/17','DD/MON/RR'),to_date('17/FEB/17','DD/MON/RR'),'N',1,8988.13,0.665);
Insert into AUTOTRADING.PORTFOLIO (ID,STOCKCODE,STOCKNAME,BUYPRICE,SELLPRICE,QUANTITY,TOTALAMOUNT,TOTALAMOUNTINCCOST,BUYDATE,SELLDATE,HOLD,STRATEGYID,ALLOCATEDCASH,LASTCLOSEPRICE) values (1444,'9385','LAYHONG',0.925,0.905,97,8972.5,8993.7,to_date('08/FEB/17','DD/MON/RR'),to_date('06/APR/17','DD/MON/RR'),'N',1,8995.07,0.9);
Insert into AUTOTRADING.PORTFOLIO (ID,STOCKCODE,STOCKNAME,BUYPRICE,SELLPRICE,QUANTITY,TOTALAMOUNT,TOTALAMOUNTINCCOST,BUYDATE,SELLDATE,HOLD,STRATEGYID,ALLOCATEDCASH,LASTCLOSEPRICE) values (1461,'7089','LIIHEN',3.35,3.25,24,8040,8060.08,to_date('17/FEB/17','DD/MON/RR'),to_date('09/MAR/17','DD/MON/RR'),'N',1,8197.04,3.26);
Insert into AUTOTRADING.PORTFOLIO (ID,STOCKCODE,STOCKNAME,BUYPRICE,SELLPRICE,QUANTITY,TOTALAMOUNT,TOTALAMOUNTINCCOST,BUYDATE,SELLDATE,HOLD,STRATEGYID,ALLOCATEDCASH,LASTCLOSEPRICE) values (1481,'2194','MMCCORP',2.55,2.54,33,8415,8435.6,to_date('20/FEB/17','DD/MON/RR'),to_date('10/APR/17','DD/MON/RR'),'N',1,8680.15,2.48);
Insert into AUTOTRADING.PORTFOLIO (ID,STOCKCODE,STOCKNAME,BUYPRICE,SELLPRICE,QUANTITY,TOTALAMOUNT,TOTALAMOUNTINCCOST,BUYDATE,SELLDATE,HOLD,STRATEGYID,ALLOCATEDCASH,LASTCLOSEPRICE) values (1521,'0119','APPASIA',0.395,null,185,7307.5,7326.31,to_date('24/FEB/17','DD/MON/RR'),to_date('16/MAR/17','DD/MON/RR'),'N',1,7346.28,0.4);
Insert into AUTOTRADING.PORTFOLIO (ID,STOCKCODE,STOCKNAME,BUYPRICE,SELLPRICE,QUANTITY,TOTALAMOUNT,TOTALAMOUNTINCCOST,BUYDATE,SELLDATE,HOLD,STRATEGYID,ALLOCATEDCASH,LASTCLOSEPRICE) values (1522,'7247','SCGM',3.59,null,20,7180,7198.77,to_date('24/FEB/17','DD/MON/RR'),null,'Y',1,7366.24,4.24);
Insert into AUTOTRADING.PORTFOLIO (ID,STOCKCODE,STOCKNAME,BUYPRICE,SELLPRICE,QUANTITY,TOTALAMOUNT,TOTALAMOUNTINCCOST,BUYDATE,SELLDATE,HOLD,STRATEGYID,ALLOCATEDCASH,LASTCLOSEPRICE) values (1621,'3204','GKENT',3.46,4.01,42,14532,14567.03,to_date('21/MAR/17','DD/MON/RR'),to_date('24/MAY/17','DD/MON/RR'),'N',1,14806.74,4.02);
Insert into AUTOTRADING.PORTFOLIO (ID,STOCKCODE,STOCKNAME,BUYPRICE,SELLPRICE,QUANTITY,TOTALAMOUNT,TOTALAMOUNTINCCOST,BUYDATE,SELLDATE,HOLD,STRATEGYID,ALLOCATEDCASH,LASTCLOSEPRICE) values (1641,'7174WA','CAB-WA',1.52,1.78,68,10336,10361.25,to_date('27/MAR/17','DD/MON/RR'),to_date('12/APR/17','DD/MON/RR'),'N',1,10474.57,1.79);
Insert into AUTOTRADING.PORTFOLIO (ID,STOCKCODE,STOCKNAME,BUYPRICE,SELLPRICE,QUANTITY,TOTALAMOUNT,TOTALAMOUNTINCCOST,BUYDATE,SELLDATE,HOLD,STRATEGYID,ALLOCATEDCASH,LASTCLOSEPRICE) values (1661,'5184','CYPARK',2.42,null,36,8712,8733.01,to_date('07/APR/17','DD/MON/RR'),null,'Y',1,8870.72,2.73);
Insert into AUTOTRADING.PORTFOLIO (ID,STOCKCODE,STOCKNAME,BUYPRICE,SELLPRICE,QUANTITY,TOTALAMOUNT,TOTALAMOUNTINCCOST,BUYDATE,SELLDATE,HOLD,STRATEGYID,ALLOCATEDCASH,LASTCLOSEPRICE) values (1741,'8869WC','PMETAL-WC',2.4,null,39,9360,9382.9,to_date('19/APR/17','DD/MON/RR'),to_date('18/MAY/17','DD/MON/RR'),'N',1,9589.21,2.35);
Insert into AUTOTRADING.PORTFOLIO (ID,STOCKCODE,STOCKNAME,BUYPRICE,SELLPRICE,QUANTITY,TOTALAMOUNT,TOTALAMOUNTINCCOST,BUYDATE,SELLDATE,HOLD,STRATEGYID,ALLOCATEDCASH,LASTCLOSEPRICE) values (1761,'7167','JOHOTIN',1.47,null,67,9849,9872.4,to_date('25/APR/17','DD/MON/RR'),null,'Y',1,9872.58,1.67);
Insert into AUTOTRADING.PORTFOLIO (ID,STOCKCODE,STOCKNAME,BUYPRICE,SELLPRICE,QUANTITY,TOTALAMOUNT,TOTALAMOUNTINCCOST,BUYDATE,SELLDATE,HOLD,STRATEGYID,ALLOCATEDCASH,LASTCLOSEPRICE) values (1861,'0163','CAREPLS',0.39,null,252,9828,9851.55,to_date('02/JUN/17','DD/MON/RR'),null,'Y',1,9873.4,0.38);
Insert into AUTOTRADING.PORTFOLIO (ID,STOCKCODE,STOCKNAME,BUYPRICE,SELLPRICE,QUANTITY,TOTALAMOUNT,TOTALAMOUNTINCCOST,BUYDATE,SELLDATE,HOLD,STRATEGYID,ALLOCATEDCASH,LASTCLOSEPRICE) values (1862,'2127','COMFORT',0.75,null,131,9825,9848.54,to_date('02/JUN/17','DD/MON/RR'),null,'Y',1,9878.87,0.76);
Insert into AUTOTRADING.PORTFOLIO (ID,STOCKCODE,STOCKNAME,BUYPRICE,SELLPRICE,QUANTITY,TOTALAMOUNT,TOTALAMOUNTINCCOST,BUYDATE,SELLDATE,HOLD,STRATEGYID,ALLOCATEDCASH,LASTCLOSEPRICE) values (1441,'4634','POS',4.21,5.16,20,8420,8440.45,to_date('08/FEB/17','DD/MON/RR'),to_date('25/MAY/17','DD/MON/RR'),'N',1,8639.19,5.18);
Insert into AUTOTRADING.PORTFOLIO (ID,STOCKCODE,STOCKNAME,BUYPRICE,SELLPRICE,QUANTITY,TOTALAMOUNT,TOTALAMOUNTINCCOST,BUYDATE,SELLDATE,HOLD,STRATEGYID,ALLOCATEDCASH,LASTCLOSEPRICE) values (1442,'5031','TIMECOM',8.12,8.05,10,8120,8140.04,to_date('08/FEB/17','DD/MON/RR'),to_date('22/FEB/17','DD/MON/RR'),'N',1,8705.43,8.22);
Insert into AUTOTRADING.PORTFOLIO (ID,STOCKCODE,STOCKNAME,BUYPRICE,SELLPRICE,QUANTITY,TOTALAMOUNT,TOTALAMOUNTINCCOST,BUYDATE,SELLDATE,HOLD,STRATEGYID,ALLOCATEDCASH,LASTCLOSEPRICE) values (1424,'8311WC','PESONA-WC',0.42,0.39,204,8568,8588.65,to_date('07/FEB/17','DD/MON/RR'),to_date('01/MAR/17','DD/MON/RR'),'N',1,8618.51,0.39);
Insert into AUTOTRADING.PORTFOLIO (ID,STOCKCODE,STOCKNAME,BUYPRICE,SELLPRICE,QUANTITY,TOTALAMOUNT,TOTALAMOUNTINCCOST,BUYDATE,SELLDATE,HOLD,STRATEGYID,ALLOCATEDCASH,LASTCLOSEPRICE) values (1501,'5098','MASTEEL',0.91,0.815,93,8509.5,8530.23,to_date('22/FEB/17','DD/MON/RR'),to_date('24/FEB/17','DD/MON/RR'),'N',1,8544.55,0.82);
Insert into AUTOTRADING.PORTFOLIO (ID,STOCKCODE,STOCKNAME,BUYPRICE,SELLPRICE,QUANTITY,TOTALAMOUNT,TOTALAMOUNTINCCOST,BUYDATE,SELLDATE,HOLD,STRATEGYID,ALLOCATEDCASH,LASTCLOSEPRICE) values (1000,'5205','SENDAI',0.7,0.64,115,8050,8070.1,to_date('06/FEB/17','DD/MON/RR'),to_date('24/FEB/17','DD/MON/RR'),'N',1,8100,0.645);
Insert into AUTOTRADING.PORTFOLIO (ID,STOCKCODE,STOCKNAME,BUYPRICE,SELLPRICE,QUANTITY,TOTALAMOUNT,TOTALAMOUNTINCCOST,BUYDATE,SELLDATE,HOLD,STRATEGYID,ALLOCATEDCASH,LASTCLOSEPRICE) values (1001,'4456','DNEX',0.295,0.39,275,8112.5,8132.69,to_date('06/FEB/17','DD/MON/RR'),to_date('06/MAR/17','DD/MON/RR'),'N',1,8200,0.39);
Insert into AUTOTRADING.PORTFOLIO (ID,STOCKCODE,STOCKNAME,BUYPRICE,SELLPRICE,QUANTITY,TOTALAMOUNT,TOTALAMOUNTINCCOST,BUYDATE,SELLDATE,HOLD,STRATEGYID,ALLOCATEDCASH,LASTCLOSEPRICE) values (1561,'9261','GADANG',1.21,null,90,10890,10916.01,to_date('06/MAR/17','DD/MON/RR'),to_date('21/APR/17','DD/MON/RR'),'N',1,10954.7,1.24);
Insert into AUTOTRADING.PORTFOLIO (ID,STOCKCODE,STOCKNAME,BUYPRICE,SELLPRICE,QUANTITY,TOTALAMOUNT,TOTALAMOUNTINCCOST,BUYDATE,SELLDATE,HOLD,STRATEGYID,ALLOCATEDCASH,LASTCLOSEPRICE) values (1581,'0082','GPACKET',0.31,0.345,251,7781,7799.96,to_date('10/MAR/17','DD/MON/RR'),to_date('25/MAY/17','DD/MON/RR'),'N',1,7819.72,0.345);
Insert into AUTOTRADING.PORTFOLIO (ID,STOCKCODE,STOCKNAME,BUYPRICE,SELLPRICE,QUANTITY,TOTALAMOUNT,TOTALAMOUNTINCCOST,BUYDATE,SELLDATE,HOLD,STRATEGYID,ALLOCATEDCASH,LASTCLOSEPRICE) values (1601,'0050','SYSTECH',0.275,0.3,270,7425,7443.24,to_date('17/MAR/17','DD/MON/RR'),to_date('29/MAY/17','DD/MON/RR'),'N',1,7586.3,0.3);
Insert into AUTOTRADING.PORTFOLIO (ID,STOCKCODE,STOCKNAME,BUYPRICE,SELLPRICE,QUANTITY,TOTALAMOUNT,TOTALAMOUNTINCCOST,BUYDATE,SELLDATE,HOLD,STRATEGYID,ALLOCATEDCASH,LASTCLOSEPRICE) values (1681,'2674','ALCOM',1.24,1.11,68,8432,8452.62,to_date('11/APR/17','DD/MON/RR'),to_date('17/APR/17','DD/MON/RR'),'N',1,8499.31,1.11);
Insert into AUTOTRADING.PORTFOLIO (ID,STOCKCODE,STOCKNAME,BUYPRICE,SELLPRICE,QUANTITY,TOTALAMOUNT,TOTALAMOUNTINCCOST,BUYDATE,SELLDATE,HOLD,STRATEGYID,ALLOCATEDCASH,LASTCLOSEPRICE) values (1841,'2879','CCM',1.57,null,66,10362,10387.28,to_date('25/MAY/17','DD/MON/RR'),null,'Y',1,10482.18,1.51);
Insert into AUTOTRADING.PORTFOLIO (ID,STOCKCODE,STOCKNAME,BUYPRICE,SELLPRICE,QUANTITY,TOTALAMOUNT,TOTALAMOUNTINCCOST,BUYDATE,SELLDATE,HOLD,STRATEGYID,ALLOCATEDCASH,LASTCLOSEPRICE) values (1421,'0120','VIS',0.5,0.6,171,8550,8570.63,to_date('07/FEB/17','DD/MON/RR'),to_date('27/MAR/17','DD/MON/RR'),'N',1,8599.03,0.615);
Insert into AUTOTRADING.PORTFOLIO (ID,STOCKCODE,STOCKNAME,BUYPRICE,SELLPRICE,QUANTITY,TOTALAMOUNT,TOTALAMOUNTINCCOST,BUYDATE,SELLDATE,HOLD,STRATEGYID,ALLOCATEDCASH,LASTCLOSEPRICE) values (1423,'8877WB','EKOVEST-WB',1.52,1.05,140,8512,8532.58,to_date('07/FEB/17','DD/MON/RR'),to_date('21/MAR/17','DD/MON/RR'),'N',1,8606.23,1.06);
Insert into AUTOTRADING.PORTFOLIO (ID,STOCKCODE,STOCKNAME,BUYPRICE,SELLPRICE,QUANTITY,TOTALAMOUNT,TOTALAMOUNTINCCOST,BUYDATE,SELLDATE,HOLD,STRATEGYID,ALLOCATEDCASH,LASTCLOSEPRICE) values (1842,'5028','HTPADU',0.965,0.85,108,10422,10447.37,to_date('25/MAY/17','DD/MON/RR'),to_date('30/MAY/17','DD/MON/RR'),'N',1,10482.18,0.855);
Insert into AUTOTRADING.PORTFOLIO (ID,STOCKCODE,STOCKNAME,BUYPRICE,SELLPRICE,QUANTITY,TOTALAMOUNT,TOTALAMOUNTINCCOST,BUYDATE,SELLDATE,HOLD,STRATEGYID,ALLOCATEDCASH,LASTCLOSEPRICE) values (1541,'3069','MFCB',2.9,null,27,7830,7848.97,to_date('01/MAR/17','DD/MON/RR'),null,'Y',1,8104.45,3.93);
Insert into AUTOTRADING.PORTFOLIO (ID,STOCKCODE,STOCKNAME,BUYPRICE,SELLPRICE,QUANTITY,TOTALAMOUNT,TOTALAMOUNTINCCOST,BUYDATE,SELLDATE,HOLD,STRATEGYID,ALLOCATEDCASH,LASTCLOSEPRICE) values (1422,'0138','MYEG',1.64,1.59,52,8528,8548.6,to_date('07/FEB/17','DD/MON/RR'),to_date('17/FEB/17','DD/MON/RR'),'N',1,8599.03,1.59);
REM INSERTING into AUTOTRADING.STRATEGY
SET DEFINE OFF;
Insert into AUTOTRADING.STRATEGY (ID,NAME,MAXPORTFOLIONUMBER,INITIALEQUITY,TOTALEQUITY,AVAILABLECASH,AVAILABLEPOSITION,BUYORDEREXECUTIONTYPE,SELLORDEREXECUTIONTYPE,BUYDELAY,SELLDELAY,LIVE) values (1,'IRich',10,85000,99272.93,29666.93,3,'OPEN','OPEN',1,1,'Y');
--------------------------------------------------------
--  DDL for Index EQUITYTRACKING_PK
--------------------------------------------------------

  CREATE UNIQUE INDEX "AUTOTRADING"."EQUITYTRACKING_PK" ON "AUTOTRADING"."EQUITYTRACKING" ("ID") 
  PCTFREE 10 INITRANS 2 MAXTRANS 255 COMPUTE STATISTICS 
  STORAGE(INITIAL 65536 NEXT 1048576 MINEXTENTS 1 MAXEXTENTS 2147483645
  PCTINCREASE 0 FREELISTS 1 FREELIST GROUPS 1 BUFFER_POOL DEFAULT FLASH_CACHE DEFAULT CELL_FLASH_CACHE DEFAULT)
  TABLESPACE "AUTOTRADING_TABSPACE" ;
--------------------------------------------------------
--  DDL for Index ORDERSTATUS_PK
--------------------------------------------------------

  CREATE UNIQUE INDEX "AUTOTRADING"."ORDERSTATUS_PK" ON "AUTOTRADING"."ORDERSTATUS" ("BROKERORDERID") 
  PCTFREE 10 INITRANS 2 MAXTRANS 255 COMPUTE STATISTICS 
  STORAGE(INITIAL 65536 NEXT 1048576 MINEXTENTS 1 MAXEXTENTS 2147483645
  PCTINCREASE 0 FREELISTS 1 FREELIST GROUPS 1 BUFFER_POOL DEFAULT FLASH_CACHE DEFAULT CELL_FLASH_CACHE DEFAULT)
  TABLESPACE "AUTOTRADING_TABSPACE" ;
--------------------------------------------------------
--  DDL for Index ORDERTRANSACTION_PK
--------------------------------------------------------

  CREATE UNIQUE INDEX "AUTOTRADING"."ORDERTRANSACTION_PK" ON "AUTOTRADING"."ORDERTRANSACTION" ("ID") 
  PCTFREE 10 INITRANS 2 MAXTRANS 255 COMPUTE STATISTICS 
  STORAGE(INITIAL 65536 NEXT 1048576 MINEXTENTS 1 MAXEXTENTS 2147483645
  PCTINCREASE 0 FREELISTS 1 FREELIST GROUPS 1 BUFFER_POOL DEFAULT FLASH_CACHE DEFAULT CELL_FLASH_CACHE DEFAULT)
  TABLESPACE "AUTOTRADING_TABSPACE" ;
--------------------------------------------------------
--  DDL for Index PORTFOLIO_PK
--------------------------------------------------------

  CREATE UNIQUE INDEX "AUTOTRADING"."PORTFOLIO_PK" ON "AUTOTRADING"."PORTFOLIO" ("ID") 
  PCTFREE 10 INITRANS 2 MAXTRANS 255 COMPUTE STATISTICS 
  STORAGE(INITIAL 65536 NEXT 1048576 MINEXTENTS 1 MAXEXTENTS 2147483645
  PCTINCREASE 0 FREELISTS 1 FREELIST GROUPS 1 BUFFER_POOL DEFAULT FLASH_CACHE DEFAULT CELL_FLASH_CACHE DEFAULT)
  TABLESPACE "AUTOTRADING_TABSPACE" ;
--------------------------------------------------------
--  DDL for Index STRATEGY_PK
--------------------------------------------------------

  CREATE UNIQUE INDEX "AUTOTRADING"."STRATEGY_PK" ON "AUTOTRADING"."STRATEGY" ("ID") 
  PCTFREE 10 INITRANS 2 MAXTRANS 255 COMPUTE STATISTICS 
  STORAGE(INITIAL 65536 NEXT 1048576 MINEXTENTS 1 MAXEXTENTS 2147483645
  PCTINCREASE 0 FREELISTS 1 FREELIST GROUPS 1 BUFFER_POOL DEFAULT FLASH_CACHE DEFAULT CELL_FLASH_CACHE DEFAULT)
  TABLESPACE "AUTOTRADING_TABSPACE" ;
--------------------------------------------------------
--  Constraints for Table EQUITYTRACKING
--------------------------------------------------------

  ALTER TABLE "AUTOTRADING"."EQUITYTRACKING" MODIFY ("STRATEGYID" NOT NULL ENABLE);
  ALTER TABLE "AUTOTRADING"."EQUITYTRACKING" MODIFY ("CLOSEDATE" NOT NULL ENABLE);
  ALTER TABLE "AUTOTRADING"."EQUITYTRACKING" MODIFY ("ID" NOT NULL ENABLE);
  ALTER TABLE "AUTOTRADING"."EQUITYTRACKING" ADD CONSTRAINT "EQUITYTRACKING_PK" PRIMARY KEY ("ID")
  USING INDEX PCTFREE 10 INITRANS 2 MAXTRANS 255 COMPUTE STATISTICS 
  STORAGE(INITIAL 65536 NEXT 1048576 MINEXTENTS 1 MAXEXTENTS 2147483645
  PCTINCREASE 0 FREELISTS 1 FREELIST GROUPS 1 BUFFER_POOL DEFAULT FLASH_CACHE DEFAULT CELL_FLASH_CACHE DEFAULT)
  TABLESPACE "AUTOTRADING_TABSPACE"  ENABLE;
--------------------------------------------------------
--  Constraints for Table ORDERSTATUS
--------------------------------------------------------

  ALTER TABLE "AUTOTRADING"."ORDERSTATUS" MODIFY ("BROKERORDERID" NOT NULL ENABLE);
  ALTER TABLE "AUTOTRADING"."ORDERSTATUS" MODIFY ("MATCHEDQUANTITY" NOT NULL ENABLE);
  ALTER TABLE "AUTOTRADING"."ORDERSTATUS" MODIFY ("ORDERDATE" NOT NULL ENABLE);
  ALTER TABLE "AUTOTRADING"."ORDERSTATUS" ADD CONSTRAINT "ORDERSTATUS_PK" PRIMARY KEY ("BROKERORDERID")
  USING INDEX PCTFREE 10 INITRANS 2 MAXTRANS 255 COMPUTE STATISTICS 
  STORAGE(INITIAL 65536 NEXT 1048576 MINEXTENTS 1 MAXEXTENTS 2147483645
  PCTINCREASE 0 FREELISTS 1 FREELIST GROUPS 1 BUFFER_POOL DEFAULT FLASH_CACHE DEFAULT CELL_FLASH_CACHE DEFAULT)
  TABLESPACE "AUTOTRADING_TABSPACE"  ENABLE;
  ALTER TABLE "AUTOTRADING"."ORDERSTATUS" MODIFY ("QUANTITY" NOT NULL ENABLE);
  ALTER TABLE "AUTOTRADING"."ORDERSTATUS" MODIFY ("STOCKNAME" NOT NULL ENABLE);
  ALTER TABLE "AUTOTRADING"."ORDERSTATUS" MODIFY ("PRICE" NOT NULL ENABLE);
  ALTER TABLE "AUTOTRADING"."ORDERSTATUS" MODIFY ("ORDERTYPE" NOT NULL ENABLE);
--------------------------------------------------------
--  Constraints for Table ORDERTRANSACTION
--------------------------------------------------------

  ALTER TABLE "AUTOTRADING"."ORDERTRANSACTION" ADD CONSTRAINT "ORDERTRANSACTION_PK" PRIMARY KEY ("ID")
  USING INDEX PCTFREE 10 INITRANS 2 MAXTRANS 255 COMPUTE STATISTICS 
  STORAGE(INITIAL 65536 NEXT 1048576 MINEXTENTS 1 MAXEXTENTS 2147483645
  PCTINCREASE 0 FREELISTS 1 FREELIST GROUPS 1 BUFFER_POOL DEFAULT FLASH_CACHE DEFAULT CELL_FLASH_CACHE DEFAULT)
  TABLESPACE "AUTOTRADING_TABSPACE"  ENABLE;
  ALTER TABLE "AUTOTRADING"."ORDERTRANSACTION" MODIFY ("ORDERDATE" NOT NULL ENABLE);
  ALTER TABLE "AUTOTRADING"."ORDERTRANSACTION" MODIFY ("QUANTITY" NOT NULL ENABLE);
  ALTER TABLE "AUTOTRADING"."ORDERTRANSACTION" MODIFY ("STOCKCODE" NOT NULL ENABLE);
  ALTER TABLE "AUTOTRADING"."ORDERTRANSACTION" MODIFY ("PRICE" NOT NULL ENABLE);
  ALTER TABLE "AUTOTRADING"."ORDERTRANSACTION" MODIFY ("ORDERTYPE" NOT NULL ENABLE);
  ALTER TABLE "AUTOTRADING"."ORDERTRANSACTION" MODIFY ("ID" NOT NULL ENABLE);
  ALTER TABLE "AUTOTRADING"."ORDERTRANSACTION" MODIFY ("PORTFOLIOID" NOT NULL ENABLE);
  ALTER TABLE "AUTOTRADING"."ORDERTRANSACTION" MODIFY ("DONE" NOT NULL ENABLE);
  ALTER TABLE "AUTOTRADING"."ORDERTRANSACTION" MODIFY ("SUBMITCOUNT" NOT NULL ENABLE);
--------------------------------------------------------
--  Constraints for Table PORTFOLIO
--------------------------------------------------------

  ALTER TABLE "AUTOTRADING"."PORTFOLIO" MODIFY ("QUANTITY" NOT NULL ENABLE);
  ALTER TABLE "AUTOTRADING"."PORTFOLIO" MODIFY ("TOTALAMOUNTINCCOST" NOT NULL ENABLE);
  ALTER TABLE "AUTOTRADING"."PORTFOLIO" MODIFY ("ID" NOT NULL ENABLE);
  ALTER TABLE "AUTOTRADING"."PORTFOLIO" MODIFY ("STOCKCODE" NOT NULL ENABLE);
  ALTER TABLE "AUTOTRADING"."PORTFOLIO" MODIFY ("STOCKNAME" NOT NULL ENABLE);
  ALTER TABLE "AUTOTRADING"."PORTFOLIO" MODIFY ("BUYPRICE" NOT NULL ENABLE);
  ALTER TABLE "AUTOTRADING"."PORTFOLIO" MODIFY ("TOTALAMOUNT" NOT NULL ENABLE);
  ALTER TABLE "AUTOTRADING"."PORTFOLIO" MODIFY ("BUYDATE" NOT NULL ENABLE);
  ALTER TABLE "AUTOTRADING"."PORTFOLIO" MODIFY ("HOLD" NOT NULL ENABLE);
  ALTER TABLE "AUTOTRADING"."PORTFOLIO" ADD CONSTRAINT "PORTFOLIO_PK" PRIMARY KEY ("ID")
  USING INDEX PCTFREE 10 INITRANS 2 MAXTRANS 255 COMPUTE STATISTICS 
  STORAGE(INITIAL 65536 NEXT 1048576 MINEXTENTS 1 MAXEXTENTS 2147483645
  PCTINCREASE 0 FREELISTS 1 FREELIST GROUPS 1 BUFFER_POOL DEFAULT FLASH_CACHE DEFAULT CELL_FLASH_CACHE DEFAULT)
  TABLESPACE "AUTOTRADING_TABSPACE"  ENABLE;
  ALTER TABLE "AUTOTRADING"."PORTFOLIO" MODIFY ("STRATEGYID" NOT NULL ENABLE);
--------------------------------------------------------
--  Constraints for Table STRATEGY
--------------------------------------------------------

  ALTER TABLE "AUTOTRADING"."STRATEGY" MODIFY ("AVAILABLEPOSITION" NOT NULL ENABLE);
  ALTER TABLE "AUTOTRADING"."STRATEGY" MODIFY ("AVAILABLECASH" NOT NULL ENABLE);
  ALTER TABLE "AUTOTRADING"."STRATEGY" MODIFY ("ID" NOT NULL ENABLE);
  ALTER TABLE "AUTOTRADING"."STRATEGY" MODIFY ("NAME" NOT NULL ENABLE);
  ALTER TABLE "AUTOTRADING"."STRATEGY" MODIFY ("MAXPORTFOLIONUMBER" NOT NULL ENABLE);
  ALTER TABLE "AUTOTRADING"."STRATEGY" MODIFY ("INITIALEQUITY" NOT NULL ENABLE);
  ALTER TABLE "AUTOTRADING"."STRATEGY" MODIFY ("TOTALEQUITY" NOT NULL ENABLE);
  ALTER TABLE "AUTOTRADING"."STRATEGY" MODIFY ("BUYORDEREXECUTIONTYPE" NOT NULL ENABLE);
  ALTER TABLE "AUTOTRADING"."STRATEGY" MODIFY ("SELLORDEREXECUTIONTYPE" NOT NULL ENABLE);
  ALTER TABLE "AUTOTRADING"."STRATEGY" MODIFY ("BUYDELAY" NOT NULL ENABLE);
  ALTER TABLE "AUTOTRADING"."STRATEGY" MODIFY ("SELLDELAY" NOT NULL ENABLE);
  ALTER TABLE "AUTOTRADING"."STRATEGY" ADD CONSTRAINT "STRATEGY_PK" PRIMARY KEY ("ID")
  USING INDEX PCTFREE 10 INITRANS 2 MAXTRANS 255 COMPUTE STATISTICS 
  STORAGE(INITIAL 65536 NEXT 1048576 MINEXTENTS 1 MAXEXTENTS 2147483645
  PCTINCREASE 0 FREELISTS 1 FREELIST GROUPS 1 BUFFER_POOL DEFAULT FLASH_CACHE DEFAULT CELL_FLASH_CACHE DEFAULT)
  TABLESPACE "AUTOTRADING_TABSPACE"  ENABLE;
--------------------------------------------------------
--  Ref Constraints for Table EQUITYTRACKING
--------------------------------------------------------

  ALTER TABLE "AUTOTRADING"."EQUITYTRACKING" ADD CONSTRAINT "EQUITYTRACKING_FK1" FOREIGN KEY ("STRATEGYID")
	  REFERENCES "AUTOTRADING"."STRATEGY" ("ID") ON DELETE CASCADE ENABLE;
--------------------------------------------------------
--  Ref Constraints for Table ORDERTRANSACTION
--------------------------------------------------------

  ALTER TABLE "AUTOTRADING"."ORDERTRANSACTION" ADD CONSTRAINT "ORDERTRANSACTION_FK1" FOREIGN KEY ("STRATEGYID")
	  REFERENCES "AUTOTRADING"."STRATEGY" ("ID") ON DELETE CASCADE ENABLE;
--------------------------------------------------------
--  Ref Constraints for Table PORTFOLIO
--------------------------------------------------------

  ALTER TABLE "AUTOTRADING"."PORTFOLIO" ADD CONSTRAINT "PORTFOLIO_STRATEGY_FK1" FOREIGN KEY ("STRATEGYID")
	  REFERENCES "AUTOTRADING"."STRATEGY" ("ID") ON DELETE CASCADE ENABLE
